num_images_per_question,mean_time_per_question,median_time_per_question
2,6.694477777777778,4.816
3,10.139834,7.3365
4,14.667014888888888,10.5075
5,20.84422861111111,14.647
6,24.989509,18.46
7,29.403811111111107,22.665
8,33.84523166666666,26.0135
